-- phpMyAdmin SQL Dump
-- version 4.2.11
-- http://www.phpmyadmin.net
--
-- Host: 127.0.0.1
-- Generation Time: Apr 07, 2016 at 02:13 PM
-- Server version: 5.6.21
-- PHP Version: 5.6.3

SET SQL_MODE = "NO_AUTO_VALUE_ON_ZERO";
SET time_zone = "+00:00";


/*!40101 SET @OLD_CHARACTER_SET_CLIENT=@@CHARACTER_SET_CLIENT */;
/*!40101 SET @OLD_CHARACTER_SET_RESULTS=@@CHARACTER_SET_RESULTS */;
/*!40101 SET @OLD_COLLATION_CONNECTION=@@COLLATION_CONNECTION */;
/*!40101 SET NAMES utf8 */;

--
-- Database: `counsi_dbl`
--

-- --------------------------------------------------------

--
-- Table structure for table `agenda`
--

CREATE TABLE IF NOT EXISTS `agenda` (
  `agenda_id` int(11) NOT NULL,
  `no` int(11) DEFAULT NULL,
  `detail` varchar(450) DEFAULT NULL,
  `report_id` int(11) DEFAULT NULL
) ENGINE=InnoDB DEFAULT CHARSET=utf8;

--
-- Dumping data for table `agenda`
--

INSERT INTO `agenda` (`agenda_id`, `no`, `detail`, `report_id`) VALUES
(1, 1, 'เรื่องที่ประธานแจ้งให้ที่ประชุมทราบ', 1),
(2, 2, 'เรื่องรับรองรายงานการประชุม', 1),
(3, 3, 'รายงานผลการดำเนินงาน', 1),
(4, 4, 'เรื่องเพื่อทราบ', 1),
(5, 5, 'เรื่องเพื่อพิจารณา', 1),
(6, 6, 'เรื่องอื่นๆ ', 1),
(7, 1, 'เรื่องที่ประธานแจ้งให้ที่ประชุมทราบ', 2),
(8, 2, 'เรื่องรับรองรายงานการประชุม', 2),
(9, 3, 'รายงานผลการดำเนินงาน', 2),
(10, 4, 'เรื่องเพื่อทราบ', 2),
(11, 5, 'เรื่องเพื่อพิจารณา', 2),
(12, 6, 'เรื่องอื่นๆ ', 2),
(13, 1, 'เรื่องที่ประธานแจ้งให้ที่ประชุมทราบ', 3),
(14, 2, 'เรื่องรับรองรายงานการประชุม', 3),
(15, 3, 'รายงานผลการดำเนินงาน', 3),
(16, 4, 'เรื่องเพื่อทราบ', 3),
(17, 5, 'เรื่องเพื่อพิจารณา', 3),
(18, 6, 'เรื่องอื่นๆ ', 3),
(19, 1, 'เรื่องที่ประธานแจ้งให้ที่ประชุมทราบ', 4),
(20, 2, 'เรื่องรับรองรายงานการประชุม', 4),
(21, 3, 'รายงานผลการดำเนินงาน', 4),
(22, 4, 'เรื่องเพื่อทราบ', 4),
(23, 5, 'เรื่องเพื่อพิจารณา', 4),
(24, 6, 'เรื่องอื่นๆ ', 4),
(25, 1, 'เรื่องที่ประธานแจ้งให้ที่ประชุมทราบ', 5),
(26, 2, 'เรื่องรับรองรายงานการประชุม', 5),
(27, 3, 'รายงานผลการดำเนินงาน', 5),
(28, 4, 'เรื่องเพื่อทราบ', 5),
(29, 5, 'เรื่องเพื่อพิจารณา', 5),
(30, 6, 'เรื่องอื่นๆ ', 5),
(31, 1, 'เรื่องที่ประธานแจ้งให้ที่ประชุมทราบ', 6),
(32, 2, 'เรื่องรับรองรายงานการประชุม', 6),
(33, 3, 'รายงานผลการดำเนินงาน', 6),
(34, 4, 'เรื่องเพื่อทราบ', 6),
(35, 5, 'เรื่องเพื่อพิจารณา', 6),
(36, 6, 'เรื่องอื่นๆ ', 6),
(37, 1, 'เรื่องที่ประธานแจ้งให้ที่ประชุมทราบ', 7),
(38, 2, 'เรื่องรับรองรายงานการประชุม', 7),
(39, 3, 'รายงานผลการดำเนินงาน', 7),
(40, 4, 'เรื่องเพื่อทราบ', 7),
(41, 5, 'เรื่องเพื่อพิจารณา', 7),
(42, 6, 'เรื่องอื่นๆ ', 7),
(43, 1, 'เรื่องที่ประธานแจ้งให้ที่ประชุมทราบ', 8),
(44, 2, 'เรื่องรับรองรายงานการประชุม', 8),
(45, 3, 'รายงานผลการดำเนินงาน', 8),
(46, 4, 'เรื่องเพื่อทราบ', 8),
(47, 5, 'เรื่องเพื่อพิจารณา', 8),
(48, 6, 'เรื่องอื่นๆ ', 8),
(49, 1, 'เรื่องที่ประธานแจ้งให้ที่ประชุมทราบ', 9),
(50, 2, 'เรื่องรับรองรายงานการประชุม', 9),
(51, 3, 'รายงานผลการดำเนินงาน', 9),
(52, 4, 'เรื่องเพื่อทราบ', 9),
(53, 5, 'เรื่องเพื่อพิจารณา', 9),
(54, 6, 'เรื่องอื่นๆ ', 9);

-- --------------------------------------------------------

--
-- Table structure for table `report`
--

CREATE TABLE IF NOT EXISTS `report` (
  `report_id` int(11) NOT NULL,
  `date` date DEFAULT NULL,
  `no` int(11) DEFAULT NULL,
  `year` varchar(45) COLLATE utf8_bin DEFAULT NULL
) ENGINE=InnoDB DEFAULT CHARSET=utf8 COLLATE=utf8_bin;

--
-- Dumping data for table `report`
--

INSERT INTO `report` (`report_id`, `date`, `no`, `year`) VALUES
(1, '2556-06-17', 1, '2556'),
(2, '2556-07-20', 2, '2556'),
(3, '2556-08-10', 3, '2556'),
(4, '2557-06-17', 1, '2557'),
(5, '2557-07-20', 2, '2557'),
(6, '2557-08-10', 3, '2557'),
(7, '2558-06-17', 1, '2558'),
(8, '2558-07-20', 2, '2558'),
(9, '2558-08-10', 3, '2558');

-- --------------------------------------------------------

--
-- Table structure for table `responsible`
--

CREATE TABLE IF NOT EXISTS `responsible` (
  `responsible_id` int(11) NOT NULL,
  `section_id` int(11) DEFAULT NULL,
  `term_id` int(11) DEFAULT NULL
) ENGINE=InnoDB DEFAULT CHARSET=utf8 COLLATE=utf8_bin;

--
-- Dumping data for table `responsible`
--

INSERT INTO `responsible` (`responsible_id`, `section_id`, `term_id`) VALUES
(1, 1, 1),
(2, 2, 2),
(3, 3, 3),
(4, 4, 4),
(5, 5, 5),
(6, 6, 6),
(7, 7, 7),
(8, 8, 8),
(9, 9, 9),
(10, 10, 10),
(11, 11, 11),
(12, 12, 12),
(13, 13, 13),
(14, 14, 14),
(15, 15, 15),
(16, 16, 16),
(17, 17, 17),
(18, 18, 18),
(19, 19, 19),
(20, 20, 20),
(21, 21, 21),
(22, 22, 22),
(23, 23, 23),
(24, 24, 24),
(25, 25, 25),
(26, 26, 26),
(27, 27, 27),
(28, 28, 28),
(29, 29, 29),
(30, 30, 30),
(31, 31, 31),
(32, 32, 32),
(33, 33, 33),
(34, 34, 34),
(35, 35, 35),
(36, 36, 36),
(37, 37, 37),
(38, 18, 38),
(39, 19, 39),
(40, 20, 40),
(41, 21, 41),
(42, 22, 42),
(43, 23, 43),
(44, 24, 44),
(45, 25, 45),
(46, 26, 46),
(47, 27, 47),
(48, 28, 48),
(49, 29, 49),
(50, 30, 50),
(51, 31, 51),
(52, 32, 52),
(53, 33, 53),
(54, 34, 54),
(55, 35, 55),
(56, 36, 56),
(57, 37, 57),
(58, 18, 58),
(59, 19, 59),
(60, 20, 60),
(61, 21, 61),
(62, 22, 62),
(63, 23, 63),
(64, 24, 64),
(65, 25, 65),
(66, 26, 66),
(67, 27, 67),
(68, 28, 68),
(69, 29, 69),
(70, 30, 70),
(71, 31, 71),
(72, 32, 72),
(73, 33, 73),
(74, 34, 74),
(75, 35, 75),
(76, 36, 76),
(77, 37, 77),
(78, 18, 78),
(79, 19, 79),
(80, 20, 80),
(81, 21, 81),
(82, 22, 82),
(83, 23, 83),
(84, 24, 84),
(85, 25, 85),
(86, 26, 86),
(87, 27, 87),
(88, 28, 88),
(89, 29, 89),
(90, 30, 90),
(91, 31, 91),
(92, 32, 92),
(93, 33, 93),
(94, 34, 94),
(95, 35, 95),
(96, 36, 96),
(97, 37, 97),
(98, 18, 98),
(99, 19, 99),
(100, 20, 100),
(101, 21, 101),
(102, 22, 102),
(103, 23, 103),
(104, 24, 104),
(105, 25, 105),
(106, 26, 106),
(107, 27, 107),
(108, 28, 108),
(109, 29, 109),
(110, 30, 110),
(111, 31, 111),
(112, 32, 112),
(113, 33, 113),
(114, 34, 114),
(115, 35, 115),
(116, 36, 116),
(117, 37, 117),
(118, 18, 118),
(119, 19, 119),
(120, 20, 120),
(121, 21, 121),
(122, 22, 122),
(123, 23, 123),
(124, 24, 124),
(125, 25, 125),
(126, 26, 126),
(127, 27, 127),
(128, 28, 128),
(129, 29, 129),
(130, 30, 130),
(131, 31, 131),
(132, 32, 132),
(133, 33, 133),
(134, 34, 134),
(135, 35, 135),
(136, 36, 136),
(137, 37, 137),
(138, 18, 138),
(139, 19, 139),
(140, 20, 140),
(141, 21, 141),
(142, 22, 142),
(143, 23, 143),
(144, 24, 144),
(145, 25, 145),
(146, 26, 146),
(147, 27, 147),
(148, 28, 148),
(149, 29, 149),
(150, 30, 150),
(151, 31, 151),
(152, 32, 152),
(153, 33, 153),
(154, 34, 154),
(155, 35, 155),
(156, 36, 156),
(157, 37, 157),
(158, 18, 158),
(159, 19, 159),
(160, 20, 160),
(161, 21, 161),
(162, 22, 162),
(163, 23, 163),
(164, 24, 164),
(165, 25, 165),
(166, 26, 166),
(167, 27, 167),
(168, 28, 168),
(169, 29, 169),
(170, 30, 170),
(171, 31, 171),
(172, 32, 172),
(173, 33, 173),
(174, 34, 174),
(175, 35, 175),
(176, 36, 176),
(177, 37, 177),
(178, 18, 178),
(179, 19, 179),
(180, 20, 180),
(181, 21, 181),
(182, 22, 182),
(183, 23, 183),
(184, 24, 184),
(185, 25, 185),
(186, 26, 186),
(187, 27, 187),
(188, 28, 188),
(189, 29, 189),
(190, 30, 190),
(191, 31, 191),
(192, 32, 192),
(193, 33, 193),
(194, 34, 194),
(195, 35, 195),
(196, 36, 196),
(197, 37, 197),
(198, 18, 198),
(199, 19, 199),
(200, 20, 200),
(201, 21, 201),
(202, 22, 202),
(203, 23, 203),
(204, 24, 204),
(205, 25, 205),
(206, 26, 206),
(207, 27, 207),
(208, 28, 208),
(209, 29, 209),
(210, 30, 210),
(211, 31, 211),
(212, 32, 212),
(213, 33, 213),
(214, 34, 214),
(215, 35, 215),
(216, 36, 216),
(217, 37, 217),
(218, 18, 218),
(219, 19, 219),
(220, 20, 220),
(221, 21, 221),
(222, 22, 222),
(223, 23, 223),
(224, 24, 224),
(225, 25, 225),
(226, 26, 226),
(227, 27, 227),
(228, 28, 228),
(229, 29, 229),
(230, 30, 230),
(231, 31, 231),
(232, 32, 232),
(233, 33, 233),
(234, 34, 234),
(235, 35, 235),
(236, 36, 236),
(237, 37, 237),
(238, 18, 238),
(239, 19, 239),
(240, 20, 240),
(241, 21, 241),
(242, 22, 242),
(243, 23, 243),
(244, 24, 244),
(245, 25, 245),
(246, 26, 246),
(247, 27, 247),
(248, 28, 248),
(249, 29, 249),
(250, 30, 250),
(251, 31, 251),
(252, 32, 252),
(253, 33, 253),
(254, 34, 254),
(255, 35, 255),
(256, 36, 256),
(257, 37, 257),
(258, 18, 258),
(259, 19, 259),
(260, 20, 260),
(261, 21, 261),
(262, 22, 262),
(263, 23, 263),
(264, 24, 264),
(265, 25, 265),
(266, 26, 266),
(267, 27, 267),
(268, 28, 268),
(269, 29, 269),
(270, 30, 270),
(271, 31, 271),
(272, 32, 272),
(273, 33, 273),
(274, 34, 274),
(275, 35, 275),
(276, 36, 276),
(277, 37, 277),
(278, 37, 278),
(279, 37, 279),
(280, 37, 280),
(281, 37, 281),
(282, 37, 282),
(283, 37, 283),
(284, 37, 284),
(285, 37, 285);

-- --------------------------------------------------------

--
-- Table structure for table `section`
--

CREATE TABLE IF NOT EXISTS `section` (
  `section_id` int(11) NOT NULL,
  `name` varchar(150) DEFAULT NULL,
  `type_id` int(11) DEFAULT NULL
) ENGINE=InnoDB DEFAULT CHARSET=utf8;

--
-- Dumping data for table `section`
--

INSERT INTO `section` (`section_id`, `name`, `type_id`) VALUES
(1, 'สำนักวิชาการจัดการ', 2),
(2, 'สำนักวิชาเทคโนโลยีการเกษตร', 2),
(3, 'สำนักวิชาพยาบาลศาสตร์', 2),
(4, 'สำนักวิชาแพทยศาสตร์', 2),
(5, 'สำนักวิชาเภสัชศาสตร์', 2),
(6, 'สำนักวิชาวิทยาศาสตร์', 2),
(7, 'สำนักวิชาวิศวกรรมศาสตร์และทรัพยากร', 2),
(8, 'สำนักวิชาศิลปศาสตร์', 2),
(9, 'สำนักวิชาสถาปัตยกรรมศาสตร์และการออกแบบ', 2),
(10, 'สำนักวิชาสหเวชศาสตร์และสาธารณสุขศาสตร์', 2),
(11, 'สำนักวิชาสารสนเทศศาสตร์', 2),
(12, 'ศูนย์บริการวิชการ', 2),
(13, 'ศูนย์บริการการศึกษา', 2),
(14, 'ศูนย์บรรณสารและสื่อการศึกษา', 2),
(15, 'ศูนย์คอมพิวเตอร์', 2),
(16, 'ศูนย์เครื่องมือวิทยาศาสตร์และเทคโนโลยี', 2),
(17, 'ศูนย์สหกิจศึกษาและพัฒนาอาชีพ', 2),
(18, 'สถาบันวิจัยและพัฒนา', 2),
(19, 'อาศรมวัฒนธรรมวลัยลักษณ์', 2),
(20, 'ส่วนส่งเสริมวิชาการ', 2),
(21, 'ส่วนประชาสัมพันธ์', 2),
(22, 'ส่วนการเจ้าหน้าที่', 2),
(23, 'ส่วนการเงินและบัญชี', 2),
(24, 'ส่วนอาคารสถานที่', 2),
(25, 'ส่วนพัสดุ', 2),
(26, 'ส่วนแผนงาน', 2),
(27, 'ส่วนวิเทศสัมพันธ์', 2),
(28, 'ส่วนกิจการนักศึกษา', 2),
(29, 'ส่วนสารบรรณและอำนวยการ', 2),
(30, 'หน่วยงานช่วยนักบริหาร', 2),
(31, 'หน่วยตรวจสอบภายใน', 2),
(32, 'หน่วยพัฒนาองค์กร', 2),
(33, 'หน่วยประสานงาน', 2),
(34, 'ศูนย์วิทยบริการมหาวิทยาลัยวลัยลักษณ์', 2),
(35, 'ฟาร์มมหาวิทยาลัย', 2),
(36, 'สำนักงานสภามหาวิทยาลัย', 1),
(37, 'ระบบบริการกลาง', 2);

-- --------------------------------------------------------

--
-- Table structure for table `staff`
--

CREATE TABLE IF NOT EXISTS `staff` (
  `staff_id` int(11) NOT NULL,
  `lname` varchar(150) DEFAULT NULL,
  `fname` varchar(150) DEFAULT NULL,
  `username` varchar(8) DEFAULT NULL,
  `password` varchar(45) DEFAULT NULL,
  `tel` varchar(10) DEFAULT NULL,
  `section_id` int(11) DEFAULT NULL
) ENGINE=InnoDB DEFAULT CHARSET=utf8;

--
-- Dumping data for table `staff`
--

INSERT INTO `staff` (`staff_id`, `lname`, `fname`, `username`, `password`, `tel`, `section_id`) VALUES
(1, 'นภาเพ็ญ', 'แซ่ภู่', '51648596', '123456789', '0814665724', 1),
(2, 'ศุภธิดา', 'ลิ่มธัญลักษณ์', '52557685', '214546698', '0925764632', 2),
(3, 'จินดา', 'ภารระกิจ', '53466774', '305636607', '0925026688', 3),
(4, 'สุจิตรา', 'แต้ตระกูล', '54375863', '396726516', '0813927780', 4),
(5, 'เพชรัตน์', 'พานิชย์', '55284952', '487816425', '0702828872', 5),
(6, 'เจริญ', 'แต้ตระกูล', '56194041', '578906334', '0591729964', 6),
(7, 'จำรัส', 'ภาระกิจ', '57103130', '669996243', '0480631056', 7),
(8, 'การดา', 'สว่างจันทร์', '58012219', '761086152', '0369532148', 8),
(9, 'จำนงค์', 'พงษ์สวัสดิ์', '58921308', '852176061', '0258433240', 9),
(10, 'มานิต', 'แกล้วทนง', '59830397', '943265970', '0147334332', 10),
(11, 'จรรยา', 'ลิ่มธัญลักษณ์', '51668794', '1034355879', '0036235424', 11),
(12, 'พูลศิริ', 'สว่างจันทร์', '52779903', '1125445788', '0074863484', 12),
(13, 'จักรกฤษณ์', 'ภาระกิจ', '53891012', '1216535697', '0185962392', 13),
(14, 'สุธรรม', 'แซ่ภู่', '55002121', '1307625606', '0297061300', 14),
(15, 'วชิระ', 'จันทร์บูรณะพินิจ', '56113230', '1398715515', '0408160208', 15),
(16, 'สุริยันต์', 'สุปรานนท์', '57224339', '1489805424', '0519259116', 16),
(17, 'ศุภรัตน์', 'ภาระกิจ', '58335448', '1580895333', '0630358024', 17),
(18, 'พัชรี', 'สุปรานนท์', '59446557', '1671985242', '0741456932', 18),
(19, 'มานพ', 'มูสิกธรรม', '50557685', '1763075151', '0852555840', 19),
(20, 'ธนพร', 'สังสินชัย', '51468794', '1854165060', '0963654748', 20),
(21, 'ชุติมดี', 'แต้ตระกูล', '52379903', '1945254969', '0274753656', 21),
(22, 'สมพัฒน์', 'มูสิกธรรม', '53291012', '2036344878', '0585852564', 22),
(23, 'วันทนีย์', 'กิจเกตุ', '54202121', '2127434787', '0998015824', 23),
(24, 'สุวณี', 'ราชกิจจา', '55113230', '2218524696', '0925026688', 24),
(25, 'ธัญญรัตน์', 'ช่วยสงค์', '56024339', '2309614605', '0813927780', 25),
(26, 'กณกมณี', 'ศรีธานี', '56935448', '2400704514', '0702828872', 26),
(27, 'ปุษกร', 'รัตนพาหุ', '57846557', '2491794423', '0591729964', 27),
(28, 'มณฑา', 'ช่วยสงค์', '58757666', '2582884332', '0480631056', 28),
(29, 'กฤตธี', 'เทวมิตร', '59668775', '2673974241', '0369532148', 29),
(30, 'อัตพร', 'ธราพร', '58557666', '2765064150', '0258433240', 30),
(31, 'วัฒนา', 'ศิริโรจน์', '57446557', '2856154059', '0147334332', 31),
(32, 'ผ่องศรี', 'วัฒนาลัย', '56335448', '2947243968', '0036235424', 32),
(33, 'จุฑามาศ', 'สินธวานุวัฒน์', '55224339', '3038333877', '0074863484', 33),
(34, 'ละออง', 'เต่งใหญ่', '54113230', '3129423786', '0185962392', 34),
(35, 'สมศรี', 'ดวงสวัสดิ์', '53002121', '3220513695', '0297061300', 35),
(36, 'จตุรงค์', 'แกล้วทนง', '51891012', '3311603604', '0408160208', 36),
(37, 'ศราวุธ', 'ลิ่มธัญลักษณ์', '50779903', '3402693513', '0519259116', 37),
(38, 'eye', 'eye', '1', '1', NULL, 36);

-- --------------------------------------------------------

--
-- Table structure for table `subagenda`
--

CREATE TABLE IF NOT EXISTS `subagenda` (
  `subagenda_id` int(11) NOT NULL,
  `no` varchar(10) DEFAULT NULL,
  `detail` varchar(5555) DEFAULT NULL,
  `agenda_id` int(11) DEFAULT NULL
) ENGINE=InnoDB DEFAULT CHARSET=utf8;

--
-- Dumping data for table `subagenda`
--

INSERT INTO `subagenda` (`subagenda_id`, `no`, `detail`, `agenda_id`) VALUES
(1, '2.1', 'รับรองรายงานการประชุม กสทช. ครั้งที่ ๕/๒๕๕๘ วันพุธที่ ๒๐ พฤษภาคม ๒๕๕๘', 2),
(2, '2.2', 'รับรองรายงานการประชุม กสทช. นัดพิเศษ ครั้งที่ ๓/๒๕๕๘  วันศุกร์ที่ ๒๒ พฤษภาคม ๒๕๕๘ ', 2),
(3, '3.1', 'รายงานผลการดำเนินงานตามมติ กสทช. ครั้งที่ ๕/๒๕๕๘ วันพุธที่ ๒๐ พฤษภาคม ๒๕๕๘ และรายงานผลการดำเนินงานตามมติ กสทช. นัดพิเศษ ครั้งที่ ๓/๒๕๕๘ วันศุกร์ที่ ๒๒ พฤษภาคม ๒๕๕๘ ', 3),
(4, '3.2', 'รายงานผลการดำเนินงานของคณะกรรมการกิจการกระจายเสียงและกิจการโทรทัศน์', 3),
(5, '3.3', 'รายงานผลการดำเนินงานของคณะกรรมการกิจการโทรคมนาคม', 3),
(6, '4.1', 'รายงานผลการปฏิบัติงานของที่ปรึกษาประจำประธาน กสทช. (ระหว่าง ๑ มีนาคม – ๓๑ พฤษภาคม ๒๕๕๘) : ปบ.\n', 4),
(7, '4.2', 'รายงานผลการตรวจสอบภายในของคณะกรรมการตรวจสอบภายใน สำหรับปี สิ้นสุด วันที่ ๓๑ ธันวาคม พ.ศ. ๒๕๕๗ : คณะกรรมการตรวจสอบภายใน , ภบ.\n', 4),
(8, '4.3', 'รายงานผลการปฏิบัติงานตามพระราชบัญญัติวิทยุคมนาคม พ.ศ. ๒๔๙๘ และที่แก้ไขเพิ่มเติม ประจำเดือนเมษายน ๒๕๕๘ : คท., ดท.\n', 4),
(9, '5.1', 'เรื่องที่ผ่านการพิจารณาจากที่ประชุม กสท.', 5),
(10, '5.1.1', 'พิจารณาขยายระยะเวลาของคณะทำงานเพื่อติดตามและประเมินผลการปรับเปลี่ยนรูปแบบการประกอบกิจการโทรทัศน์ ของสถานีวิทยุโทรทัศน์กองทัพบก ช่อง ๕ : กสท., ปส.๓ \n', 5),
(11, '5.2', 'เรื่องที่ผ่านการพิจารณาจากที่ประชุม กทค.', 5),
(12, '5.3', 'เรื่องการบริหารงานสำนักงาน กสทช.', 5),
(13, '2.1', 'รับรองรายงานการประชุม กสทช. ครั้งที่ ๕/๒๕๕๘ วันพุธที่ ๒๐ พฤษภาคม ๒๕๕๘', 8),
(14, '2.2', 'รับรองรายงานการประชุม กสทช. นัดพิเศษ ครั้งที่ ๓/๒๕๕๘  วันศุกร์ที่ ๒๒ พฤษภาคม ๒๕๕๘ ', 8),
(15, '3.1', 'รายงานผลการดำเนินงานตามมติ กสทช. ครั้งที่ ๕/๒๕๕๘ วันพุธที่ ๒๐ พฤษภาคม ๒๕๕๘ และรายงานผลการดำเนินงานตามมติ กสทช. นัดพิเศษ ครั้งที่ ๓/๒๕๕๘ วันศุกร์ที่ ๒๒ พฤษภาคม ๒๕๕๘ ', 9),
(16, '3.2', 'รายงานผลการดำเนินงานของคณะกรรมการกิจการกระจายเสียงและกิจการโทรทัศน์', 9),
(17, '3.3', 'รายงานผลการดำเนินงานของคณะกรรมการกิจการโทรคมนาคม', 9),
(18, '4.1', 'รายงานผลการปฏิบัติงานของที่ปรึกษาประจำประธาน กสทช. (ระหว่าง ๑ มีนาคม – ๓๑ พฤษภาคม ๒๕๕๘) : ปบ.\n', 10),
(19, '4.2', 'รายงานผลการตรวจสอบภายในของคณะกรรมการตรวจสอบภายใน สำหรับปี สิ้นสุด วันที่ ๓๑ ธันวาคม พ.ศ. ๒๕๕๗ : คณะกรรมการตรวจสอบภายใน , ภบ.\n', 10),
(20, '4.3', 'รายงานผลการปฏิบัติงานตามพระราชบัญญัติวิทยุคมนาคม พ.ศ. ๒๔๙๘ และที่แก้ไขเพิ่มเติม ประจำเดือนเมษายน ๒๕๕๘ : คท., ดท.\n', 10),
(21, '5.1', 'เรื่องที่ผ่านการพิจารณาจากที่ประชุม กสท.', 11),
(22, '5.1.1', 'พิจารณาขยายระยะเวลาของคณะทำงานเพื่อติดตามและประเมินผลการปรับเปลี่ยนรูปแบบการประกอบกิจการโทรทัศน์ ของสถานีวิทยุโทรทัศน์กองทัพบก ช่อง ๕ : กสท., ปส.๓ \n', 11),
(23, '5.2', 'เรื่องที่ผ่านการพิจารณาจากที่ประชุม กทค.', 11),
(24, '5.3', 'เรื่องการบริหารงานสำนักงาน กสทช.', 11),
(25, '2.1', 'รับรองรายงานการประชุม กสทช. ครั้งที่ ๕/๒๕๕๘ วันพุธที่ ๒๐ พฤษภาคม ๒๕๕๘', 14),
(26, '2.2', 'รับรองรายงานการประชุม กสทช. นัดพิเศษ ครั้งที่ ๓/๒๕๕๘  วันศุกร์ที่ ๒๒ พฤษภาคม ๒๕๕๘ ', 14),
(27, '3.1', 'รายงานผลการดำเนินงานตามมติ กสทช. ครั้งที่ ๕/๒๕๕๘ วันพุธที่ ๒๐ พฤษภาคม ๒๕๕๘ และรายงานผลการดำเนินงานตามมติ กสทช. นัดพิเศษ ครั้งที่ ๓/๒๕๕๘ วันศุกร์ที่ ๒๒ พฤษภาคม ๒๕๕๘ ', 15),
(28, '3.2', 'รายงานผลการดำเนินงานของคณะกรรมการกิจการกระจายเสียงและกิจการโทรทัศน์', 15),
(29, '3.3', 'รายงานผลการดำเนินงานของคณะกรรมการกิจการโทรคมนาคม', 15),
(30, '4.1', 'รายงานผลการปฏิบัติงานของที่ปรึกษาประจำประธาน กสทช. (ระหว่าง ๑ มีนาคม – ๓๑ พฤษภาคม ๒๕๕๘) : ปบ.\n', 16),
(31, '4.2', 'รายงานผลการตรวจสอบภายในของคณะกรรมการตรวจสอบภายใน สำหรับปี สิ้นสุด วันที่ ๓๑ ธันวาคม พ.ศ. ๒๕๕๗ : คณะกรรมการตรวจสอบภายใน , ภบ.\n', 16),
(32, '4.3', 'รายงานผลการปฏิบัติงานตามพระราชบัญญัติวิทยุคมนาคม พ.ศ. ๒๔๙๘ และที่แก้ไขเพิ่มเติม ประจำเดือนเมษายน ๒๕๕๘ : คท., ดท.\n', 16),
(33, '5.1', 'เรื่องที่ผ่านการพิจารณาจากที่ประชุม กสท.', 17),
(34, '5.1.1', 'พิจารณาขยายระยะเวลาของคณะทำงานเพื่อติดตามและประเมินผลการปรับเปลี่ยนรูปแบบการประกอบกิจการโทรทัศน์ ของสถานีวิทยุโทรทัศน์กองทัพบก ช่อง ๕ : กสท., ปส.๓ \n', 17),
(35, '5.2', 'เรื่องที่ผ่านการพิจารณาจากที่ประชุม กทค.', 17),
(36, '5.3', 'เรื่องการบริหารงานสำนักงาน กสทช.', 17),
(37, '2.1', 'รับรองรายงานการประชุม กสทช. ครั้งที่ ๕/๒๕๕๘ วันพุธที่ ๒๐ พฤษภาคม ๒๕๕๘', 20),
(38, '2.2', 'รับรองรายงานการประชุม กสทช. นัดพิเศษ ครั้งที่ ๓/๒๕๕๘  วันศุกร์ที่ ๒๒ พฤษภาคม ๒๕๕๘ ', 20),
(39, '3.1', 'รายงานผลการดำเนินงานตามมติ กสทช. ครั้งที่ ๕/๒๕๕๘ วันพุธที่ ๒๐ พฤษภาคม ๒๕๕๘ และรายงานผลการดำเนินงานตามมติ กสทช. นัดพิเศษ ครั้งที่ ๓/๒๕๕๘ วันศุกร์ที่ ๒๒ พฤษภาคม ๒๕๕๘ ', 21),
(40, '3.2', 'รายงานผลการดำเนินงานของคณะกรรมการกิจการกระจายเสียงและกิจการโทรทัศน์', 21),
(41, '3.3', 'รายงานผลการดำเนินงานของคณะกรรมการกิจการโทรคมนาคม', 21),
(42, '4.1', 'รายงานผลการปฏิบัติงานของที่ปรึกษาประจำประธาน กสทช. (ระหว่าง ๑ มีนาคม – ๓๑ พฤษภาคม ๒๕๕๘) : ปบ.\n', 22),
(43, '4.2', 'รายงานผลการตรวจสอบภายในของคณะกรรมการตรวจสอบภายใน สำหรับปี สิ้นสุด วันที่ ๓๑ ธันวาคม พ.ศ. ๒๕๕๗ : คณะกรรมการตรวจสอบภายใน , ภบ.\n', 22),
(44, '4.3', 'รายงานผลการปฏิบัติงานตามพระราชบัญญัติวิทยุคมนาคม พ.ศ. ๒๔๙๘ และที่แก้ไขเพิ่มเติม ประจำเดือนเมษายน ๒๕๕๘ : คท., ดท.\n', 22),
(45, '5.1', 'เรื่องที่ผ่านการพิจารณาจากที่ประชุม กสท.', 23),
(46, '5.1.1', 'พิจารณาขยายระยะเวลาของคณะทำงานเพื่อติดตามและประเมินผลการปรับเปลี่ยนรูปแบบการประกอบกิจการโทรทัศน์ ของสถานีวิทยุโทรทัศน์กองทัพบก ช่อง ๕ : กสท., ปส.๓ \n', 23),
(47, '5.2', 'เรื่องที่ผ่านการพิจารณาจากที่ประชุม กทค.', 23),
(48, '5.3', 'เรื่องการบริหารงานสำนักงาน กสทช.', 23),
(49, '2.1', 'รับรองรายงานการประชุม กสทช. ครั้งที่ ๕/๒๕๕๘ วันพุธที่ ๒๐ พฤษภาคม ๒๕๕๘', 26),
(50, '2.2', 'รับรองรายงานการประชุม กสทช. นัดพิเศษ ครั้งที่ ๓/๒๕๕๘  วันศุกร์ที่ ๒๒ พฤษภาคม ๒๕๕๘ ', 26),
(51, '3.1', 'รายงานผลการดำเนินงานตามมติ กสทช. ครั้งที่ ๕/๒๕๕๘ วันพุธที่ ๒๐ พฤษภาคม ๒๕๕๘ และรายงานผลการดำเนินงานตามมติ กสทช. นัดพิเศษ ครั้งที่ ๓/๒๕๕๘ วันศุกร์ที่ ๒๒ พฤษภาคม ๒๕๕๘ ', 27),
(52, '3.2', 'รายงานผลการดำเนินงานของคณะกรรมการกิจการกระจายเสียงและกิจการโทรทัศน์', 27),
(53, '3.3', 'รายงานผลการดำเนินงานของคณะกรรมการกิจการโทรคมนาคม', 27),
(54, '4.1', 'รายงานผลการปฏิบัติงานของที่ปรึกษาประจำประธาน กสทช. (ระหว่าง ๑ มีนาคม – ๓๑ พฤษภาคม ๒๕๕๘) : ปบ.\n', 28),
(55, '4.2', 'รายงานผลการตรวจสอบภายในของคณะกรรมการตรวจสอบภายใน สำหรับปี สิ้นสุด วันที่ ๓๑ ธันวาคม พ.ศ. ๒๕๕๗ : คณะกรรมการตรวจสอบภายใน , ภบ.\n', 28),
(56, '4.3', 'รายงานผลการปฏิบัติงานตามพระราชบัญญัติวิทยุคมนาคม พ.ศ. ๒๔๙๘ และที่แก้ไขเพิ่มเติม ประจำเดือนเมษายน ๒๕๕๘ : คท., ดท.\n', 28),
(57, '5.1', 'เรื่องที่ผ่านการพิจารณาจากที่ประชุม กสท.', 29),
(58, '5.1.1', 'พิจารณาขยายระยะเวลาของคณะทำงานเพื่อติดตามและประเมินผลการปรับเปลี่ยนรูปแบบการประกอบกิจการโทรทัศน์ ของสถานีวิทยุโทรทัศน์กองทัพบก ช่อง ๕ : กสท., ปส.๓ \n', 29),
(59, '5.2', 'เรื่องที่ผ่านการพิจารณาจากที่ประชุม กทค.', 29),
(60, '5.3', 'เรื่องการบริหารงานสำนักงาน กสทช.', 29),
(61, '2.1', 'รับรองรายงานการประชุม กสทช. ครั้งที่ ๕/๒๕๕๘ วันพุธที่ ๒๐ พฤษภาคม ๒๕๕๘', 32),
(62, '2.2', 'รับรองรายงานการประชุม กสทช. นัดพิเศษ ครั้งที่ ๓/๒๕๕๘  วันศุกร์ที่ ๒๒ พฤษภาคม ๒๕๕๘ ', 32),
(63, '3.1', 'รายงานผลการดำเนินงานตามมติ กสทช. ครั้งที่ ๕/๒๕๕๘ วันพุธที่ ๒๐ พฤษภาคม ๒๕๕๘ และรายงานผลการดำเนินงานตามมติ กสทช. นัดพิเศษ ครั้งที่ ๓/๒๕๕๘ วันศุกร์ที่ ๒๒ พฤษภาคม ๒๕๕๘ ', 33),
(64, '3.2', 'รายงานผลการดำเนินงานของคณะกรรมการกิจการกระจายเสียงและกิจการโทรทัศน์', 33),
(65, '3.3', 'รายงานผลการดำเนินงานของคณะกรรมการกิจการโทรคมนาคม', 33),
(66, '4.1', 'รายงานผลการปฏิบัติงานของที่ปรึกษาประจำประธาน กสทช. (ระหว่าง ๑ มีนาคม – ๓๑ พฤษภาคม ๒๕๕๘) : ปบ.\n', 34),
(67, '4.2', 'รายงานผลการตรวจสอบภายในของคณะกรรมการตรวจสอบภายใน สำหรับปี สิ้นสุด วันที่ ๓๑ ธันวาคม พ.ศ. ๒๕๕๗ : คณะกรรมการตรวจสอบภายใน , ภบ.\n', 34),
(68, '4.3', 'รายงานผลการปฏิบัติงานตามพระราชบัญญัติวิทยุคมนาคม พ.ศ. ๒๔๙๘ และที่แก้ไขเพิ่มเติม ประจำเดือนเมษายน ๒๕๕๘ : คท., ดท.\n', 34),
(69, '5.1', 'เรื่องที่ผ่านการพิจารณาจากที่ประชุม กสท.', 35),
(70, '5.1.1', 'พิจารณาขยายระยะเวลาของคณะทำงานเพื่อติดตามและประเมินผลการปรับเปลี่ยนรูปแบบการประกอบกิจการโทรทัศน์ ของสถานีวิทยุโทรทัศน์กองทัพบก ช่อง ๕ : กสท., ปส.๓ \n', 35),
(71, '5.2', 'เรื่องที่ผ่านการพิจารณาจากที่ประชุม กทค.', 35),
(72, '5.3', 'เรื่องการบริหารงานสำนักงาน กสทช.', 35),
(73, '2.1', 'รับรองรายงานการประชุม กสทช. ครั้งที่ ๕/๒๕๕๘ วันพุธที่ ๒๐ พฤษภาคม ๒๕๕๘', 38),
(74, '2.2', 'รับรองรายงานการประชุม กสทช. นัดพิเศษ ครั้งที่ ๓/๒๕๕๘  วันศุกร์ที่ ๒๒ พฤษภาคม ๒๕๕๘ ', 38),
(75, '3.1', 'รายงานผลการดำเนินงานตามมติ กสทช. ครั้งที่ ๕/๒๕๕๘ วันพุธที่ ๒๐ พฤษภาคม ๒๕๕๘ และรายงานผลการดำเนินงานตามมติ กสทช. นัดพิเศษ ครั้งที่ ๓/๒๕๕๘ วันศุกร์ที่ ๒๒ พฤษภาคม ๒๕๕๘ ', 39),
(76, '3.2', 'รายงานผลการดำเนินงานของคณะกรรมการกิจการกระจายเสียงและกิจการโทรทัศน์', 39),
(77, '3.3', 'รายงานผลการดำเนินงานของคณะกรรมการกิจการโทรคมนาคม', 39),
(78, '4.1', 'รายงานผลการปฏิบัติงานของที่ปรึกษาประจำประธาน กสทช. (ระหว่าง ๑ มีนาคม – ๓๑ พฤษภาคม ๒๕๕๘) : ปบ.\n', 40),
(79, '4.2', 'รายงานผลการตรวจสอบภายในของคณะกรรมการตรวจสอบภายใน สำหรับปี สิ้นสุด วันที่ ๓๑ ธันวาคม พ.ศ. ๒๕๕๗ : คณะกรรมการตรวจสอบภายใน , ภบ.\n', 40),
(80, '4.3', 'รายงานผลการปฏิบัติงานตามพระราชบัญญัติวิทยุคมนาคม พ.ศ. ๒๔๙๘ และที่แก้ไขเพิ่มเติม ประจำเดือนเมษายน ๒๕๕๘ : คท., ดท.\n', 40),
(81, '5.1', 'เรื่องที่ผ่านการพิจารณาจากที่ประชุม กสท.', 41),
(82, '5.1.1', 'พิจารณาขยายระยะเวลาของคณะทำงานเพื่อติดตามและประเมินผลการปรับเปลี่ยนรูปแบบการประกอบกิจการโทรทัศน์ ของสถานีวิทยุโทรทัศน์กองทัพบก ช่อง ๕ : กสท., ปส.๓ \n', 41),
(83, '5.2', 'เรื่องที่ผ่านการพิจารณาจากที่ประชุม กทค.', 41),
(84, '5.3', 'เรื่องการบริหารงานสำนักงาน กสทช.', 41),
(85, '2.1', 'รับรองรายงานการประชุม กสทช. ครั้งที่ ๕/๒๕๕๘ วันพุธที่ ๒๐ พฤษภาคม ๒๕๕๘', 44),
(86, '2.2', 'รับรองรายงานการประชุม กสทช. นัดพิเศษ ครั้งที่ ๓/๒๕๕๘  วันศุกร์ที่ ๒๒ พฤษภาคม ๒๕๕๘ ', 44),
(87, '3.1', 'รายงานผลการดำเนินงานตามมติ กสทช. ครั้งที่ ๕/๒๕๕๘ วันพุธที่ ๒๐ พฤษภาคม ๒๕๕๘ และรายงานผลการดำเนินงานตามมติ กสทช. นัดพิเศษ ครั้งที่ ๓/๒๕๕๘ วันศุกร์ที่ ๒๒ พฤษภาคม ๒๕๕๘ ', 45),
(88, '3.2', 'รายงานผลการดำเนินงานของคณะกรรมการกิจการกระจายเสียงและกิจการโทรทัศน์', 45),
(89, '3.3', 'รายงานผลการดำเนินงานของคณะกรรมการกิจการโทรคมนาคม', 45),
(90, '4.1', 'รายงานผลการปฏิบัติงานของที่ปรึกษาประจำประธาน กสทช. (ระหว่าง ๑ มีนาคม – ๓๑ พฤษภาคม ๒๕๕๘) : ปบ.\n', 46),
(91, '4.2', 'รายงานผลการตรวจสอบภายในของคณะกรรมการตรวจสอบภายใน สำหรับปี สิ้นสุด วันที่ ๓๑ ธันวาคม พ.ศ. ๒๕๕๗ : คณะกรรมการตรวจสอบภายใน , ภบ.\n', 46),
(92, '4.3', 'รายงานผลการปฏิบัติงานตามพระราชบัญญัติวิทยุคมนาคม พ.ศ. ๒๔๙๘ และที่แก้ไขเพิ่มเติม ประจำเดือนเมษายน ๒๕๕๘ : คท., ดท.\n', 46),
(93, '5.1', 'เรื่องที่ผ่านการพิจารณาจากที่ประชุม กสท.', 47),
(94, '5.1.1', 'พิจารณาขยายระยะเวลาของคณะทำงานเพื่อติดตามและประเมินผลการปรับเปลี่ยนรูปแบบการประกอบกิจการโทรทัศน์ ของสถานีวิทยุโทรทัศน์กองทัพบก ช่อง ๕ : กสท., ปส.๓ \n', 47),
(95, '5.2', 'เรื่องที่ผ่านการพิจารณาจากที่ประชุม กทค.', 47),
(96, '5.3', 'เรื่องการบริหารงานสำนักงาน กสทช.', 47),
(97, '2.1', 'รับรองรายงานการประชุม กสทช. ครั้งที่ ๕/๒๕๕๘ วันพุธที่ ๒๐ พฤษภาคม ๒๕๕๘', 50),
(98, '2.2', 'รับรองรายงานการประชุม กสทช. นัดพิเศษ ครั้งที่ ๓/๒๕๕๘  วันศุกร์ที่ ๒๒ พฤษภาคม ๒๕๕๘ ', 50),
(99, '3.1', 'รายงานผลการดำเนินงานตามมติ กสทช. ครั้งที่ ๕/๒๕๕๘ วันพุธที่ ๒๐ พฤษภาคม ๒๕๕๘ และรายงานผลการดำเนินงานตามมติ กสทช. นัดพิเศษ ครั้งที่ ๓/๒๕๕๘ วันศุกร์ที่ ๒๒ พฤษภาคม ๒๕๕๘ ', 51),
(100, '3.2', 'รายงานผลการดำเนินงานของคณะกรรมการกิจการกระจายเสียงและกิจการโทรทัศน์', 51),
(101, '3.3', 'รายงานผลการดำเนินงานของคณะกรรมการกิจการโทรคมนาคม', 51),
(102, '4.1', 'รายงานผลการปฏิบัติงานของที่ปรึกษาประจำประธาน กสทช. (ระหว่าง ๑ มีนาคม – ๓๑ พฤษภาคม ๒๕๕๘) : ปบ.\n', 52),
(103, '4.2', 'รายงานผลการตรวจสอบภายในของคณะกรรมการตรวจสอบภายใน สำหรับปี สิ้นสุด วันที่ ๓๑ ธันวาคม พ.ศ. ๒๕๕๗ : คณะกรรมการตรวจสอบภายใน , ภบ.\n', 52),
(104, '4.3', 'รายงานผลการปฏิบัติงานตามพระราชบัญญัติวิทยุคมนาคม พ.ศ. ๒๔๙๘ และที่แก้ไขเพิ่มเติม ประจำเดือนเมษายน ๒๕๕๘ : คท., ดท.\n', 52),
(105, '5.1', 'เรื่องที่ผ่านการพิจารณาจากที่ประชุม กสท.', 53),
(106, '5.1.1', 'พิจารณาขยายระยะเวลาของคณะทำงานเพื่อติดตามและประเมินผลการปรับเปลี่ยนรูปแบบการประกอบกิจการโทรทัศน์ ของสถานีวิทยุโทรทัศน์กองทัพบก ช่อง ๕ : กสท., ปส.๓ \n', 53),
(107, '5.2', 'เรื่องที่ผ่านการพิจารณาจากที่ประชุม กทค.', 53),
(108, '5.3', 'เรื่องการบริหารงานสำนักงาน กสทช.', 53);

-- --------------------------------------------------------

--
-- Table structure for table `term`
--

CREATE TABLE IF NOT EXISTS `term` (
  `term_id` int(11) NOT NULL,
  `deatailOFterm` varchar(4500) DEFAULT NULL,
  `subagenda_id` int(11) DEFAULT NULL
) ENGINE=InnoDB DEFAULT CHARSET=utf8;

--
-- Dumping data for table `term`
--

INSERT INTO `term` (`term_id`, `deatailOFterm`, `subagenda_id`) VALUES
(1, 'จัดทำรายงานเอกสาร', 1),
(2, 'จัดหาผู้ประกอบการ', 1),
(3, 'นำรายงานไปให้อธิการบดีเซ็นต์อนุมัติ', 2),
(4, 'บันทึกรายงานการประชุม', 2),
(5, 'รับรองรายงานการประชุม', 3),
(6, 'จัดทำรายงานเอกสาร', 3),
(7, 'จัดหาผู้ประกอบการ', 4),
(8, 'นำรายงานไปให้อธิการบดีเซ็นต์อนุมัติ', 4),
(9, 'บันทึกรายงานการประชุม', 5),
(10, 'รับรองรายงานการประชุม', 6),
(11, 'จัดทำรายงานเอกสาร', 7),
(12, 'จัดหาผู้ประกอบการ', 8),
(13, 'นำรายงานไปให้อธิการบดีเซ็นต์อนุมัติ', 9),
(14, 'บันทึกรายงานการประชุม', 10),
(15, 'รับรองรายงานการประชุม', 11),
(16, 'จัดหาผู้ประกอบการ', 12),
(17, 'นำรายงานไปให้อธิการบดีเซ็นต์อนุมัติ', 12),
(18, 'บันทึกรายงานการประชุม', 12),
(19, 'รับรองรายงานการประชุม', 12),
(20, 'จัดทำรายงานเอกสาร', 13),
(21, 'จัดหาผู้ประกอบการ', 13),
(22, 'นำรายงานไปให้อธิการบดีเซ็นต์อนุมัติ', 14),
(23, 'บันทึกรายงานการประชุม', 14),
(24, 'รับรองรายงานการประชุม', 15),
(25, 'จัดทำรายงานเอกสาร', 15),
(26, 'จัดหาผู้ประกอบการ', 16),
(27, 'นำรายงานไปให้อธิการบดีเซ็นต์อนุมัติ', 16),
(28, 'บันทึกรายงานการประชุม', 17),
(29, 'รับรองรายงานการประชุม', 18),
(30, 'จัดทำรายงานเอกสาร', 19),
(31, 'จัดหาผู้ประกอบการ', 20),
(32, 'นำรายงานไปให้อธิการบดีเซ็นต์อนุมัติ', 21),
(33, 'บันทึกรายงานการประชุม', 22),
(34, 'รับรองรายงานการประชุม', 23),
(35, 'จัดหาผู้ประกอบการ', 24),
(36, 'นำรายงานไปให้อธิการบดีเซ็นต์อนุมัติ', 24),
(37, 'บันทึกรายงานการประชุม', 24),
(38, 'รับรองรายงานการประชุม', 24),
(39, 'จัดทำรายงานเอกสาร', 25),
(40, 'จัดหาผู้ประกอบการ', 25),
(41, 'นำรายงานไปให้อธิการบดีเซ็นต์อนุมัติ', 26),
(42, 'บันทึกรายงานการประชุม', 26),
(43, 'รับรองรายงานการประชุม', 27),
(44, 'จัดทำรายงานเอกสาร', 27),
(45, 'จัดหาผู้ประกอบการ', 28),
(46, 'นำรายงานไปให้อธิการบดีเซ็นต์อนุมัติ', 28),
(47, 'บันทึกรายงานการประชุม', 29),
(48, 'รับรองรายงานการประชุม', 30),
(49, 'จัดทำรายงานเอกสาร', 31),
(50, 'จัดหาผู้ประกอบการ', 32),
(51, 'นำรายงานไปให้อธิการบดีเซ็นต์อนุมัติ', 33),
(52, 'บันทึกรายงานการประชุม', 34),
(53, 'รับรองรายงานการประชุม', 35),
(54, 'จัดหาผู้ประกอบการ', 36),
(55, 'นำรายงานไปให้อธิการบดีเซ็นต์อนุมัติ', 36),
(56, 'บันทึกรายงานการประชุม', 36),
(57, 'รับรองรายงานการประชุม', 36),
(58, 'จัดทำรายงานเอกสาร', 37),
(59, 'จัดหาผู้ประกอบการ', 37),
(60, 'นำรายงานไปให้อธิการบดีเซ็นต์อนุมัติ', 38),
(61, 'บันทึกรายงานการประชุม', 38),
(62, 'รับรองรายงานการประชุม', 39),
(63, 'จัดทำรายงานเอกสาร', 39),
(64, 'จัดหาผู้ประกอบการ', 40),
(65, 'นำรายงานไปให้อธิการบดีเซ็นต์อนุมัติ', 40),
(66, 'บันทึกรายงานการประชุม', 41),
(67, 'รับรองรายงานการประชุม', 42),
(68, 'จัดทำรายงานเอกสาร', 43),
(69, 'จัดหาผู้ประกอบการ', 44),
(70, 'นำรายงานไปให้อธิการบดีเซ็นต์อนุมัติ', 45),
(71, 'บันทึกรายงานการประชุม', 46),
(72, 'รับรองรายงานการประชุม', 47),
(73, 'จัดหาผู้ประกอบการ', 48),
(74, 'นำรายงานไปให้อธิการบดีเซ็นต์อนุมัติ', 48),
(75, 'บันทึกรายงานการประชุม', 48),
(76, 'รับรองรายงานการประชุม', 48),
(77, 'จัดทำรายงานเอกสาร', 49),
(78, 'จัดหาผู้ประกอบการ', 49),
(79, 'นำรายงานไปให้อธิการบดีเซ็นต์อนุมัติ', 50),
(80, 'บันทึกรายงานการประชุม', 50),
(81, 'รับรองรายงานการประชุม', 51),
(82, 'จัดทำรายงานเอกสาร', 51),
(83, 'จัดหาผู้ประกอบการ', 52),
(84, 'นำรายงานไปให้อธิการบดีเซ็นต์อนุมัติ', 52),
(85, 'บันทึกรายงานการประชุม', 53),
(86, 'รับรองรายงานการประชุม', 54),
(87, 'จัดทำรายงานเอกสาร', 55),
(88, 'จัดหาผู้ประกอบการ', 56),
(89, 'นำรายงานไปให้อธิการบดีเซ็นต์อนุมัติ', 57),
(90, 'บันทึกรายงานการประชุม', 58),
(91, 'รับรองรายงานการประชุม', 59),
(92, 'จัดหาผู้ประกอบการ', 60),
(93, 'นำรายงานไปให้อธิการบดีเซ็นต์อนุมัติ', 60),
(94, 'บันทึกรายงานการประชุม', 60),
(95, 'รับรองรายงานการประชุม', 60),
(96, 'จัดทำรายงานเอกสาร', 61),
(97, 'จัดหาผู้ประกอบการ', 61),
(98, 'นำรายงานไปให้อธิการบดีเซ็นต์อนุมัติ', 62),
(99, 'บันทึกรายงานการประชุม', 62),
(100, 'รับรองรายงานการประชุม', 63),
(101, 'จัดทำรายงานเอกสาร', 63),
(102, 'จัดหาผู้ประกอบการ', 64),
(103, 'นำรายงานไปให้อธิการบดีเซ็นต์อนุมัติ', 64),
(104, 'บันทึกรายงานการประชุม', 65),
(105, 'รับรองรายงานการประชุม', 66),
(106, 'จัดทำรายงานเอกสาร', 67),
(107, 'จัดหาผู้ประกอบการ', 68),
(108, 'นำรายงานไปให้อธิการบดีเซ็นต์อนุมัติ', 69),
(109, 'บันทึกรายงานการประชุม', 70),
(110, 'รับรองรายงานการประชุม', 71),
(111, 'จัดหาผู้ประกอบการ', 72),
(112, 'นำรายงานไปให้อธิการบดีเซ็นต์อนุมัติ', 72),
(113, 'บันทึกรายงานการประชุม', 72),
(114, 'รับรองรายงานการประชุม', 72),
(115, 'จัดทำรายงานเอกสาร', 73),
(116, 'จัดหาผู้ประกอบการ', 73),
(117, 'นำรายงานไปให้อธิการบดีเซ็นต์อนุมัติ', 74),
(118, 'บันทึกรายงานการประชุม', 74),
(119, 'รับรองรายงานการประชุม', 75),
(120, 'จัดทำรายงานเอกสาร', 75),
(121, 'จัดหาผู้ประกอบการ', 76),
(122, 'นำรายงานไปให้อธิการบดีเซ็นต์อนุมัติ', 76),
(123, 'บันทึกรายงานการประชุม', 77),
(124, 'รับรองรายงานการประชุม', 78),
(125, 'จัดทำรายงานเอกสาร', 79),
(126, 'จัดหาผู้ประกอบการ', 80),
(127, 'นำรายงานไปให้อธิการบดีเซ็นต์อนุมัติ', 81),
(128, 'บันทึกรายงานการประชุม', 82),
(129, 'รับรองรายงานการประชุม', 83),
(130, 'จัดหาผู้ประกอบการ', 84),
(131, 'นำรายงานไปให้อธิการบดีเซ็นต์อนุมัติ', 84),
(132, 'บันทึกรายงานการประชุม', 84),
(133, 'รับรองรายงานการประชุม', 84),
(134, 'จัดทำรายงานเอกสาร', 85),
(135, 'จัดหาผู้ประกอบการ', 85),
(136, 'นำรายงานไปให้อธิการบดีเซ็นต์อนุมัติ', 86),
(137, 'บันทึกรายงานการประชุม', 86),
(138, 'รับรองรายงานการประชุม', 87),
(139, 'จัดทำรายงานเอกสาร', 87),
(140, 'จัดหาผู้ประกอบการ', 88),
(141, 'นำรายงานไปให้อธิการบดีเซ็นต์อนุมัติ', 88),
(142, 'บันทึกรายงานการประชุม', 89),
(143, 'รับรองรายงานการประชุม', 90),
(144, 'จัดทำรายงานเอกสาร', 91),
(145, 'จัดหาผู้ประกอบการ', 92),
(146, 'นำรายงานไปให้อธิการบดีเซ็นต์อนุมัติ', 93),
(147, 'บันทึกรายงานการประชุม', 94),
(148, 'รับรองรายงานการประชุม', 95),
(149, 'จัดหาผู้ประกอบการ', 96),
(150, 'นำรายงานไปให้อธิการบดีเซ็นต์อนุมัติ', 96),
(151, 'บันทึกรายงานการประชุม', 96),
(152, 'รับรองรายงานการประชุม', 96),
(153, 'จัดทำรายงานเอกสาร', 97),
(154, 'จัดหาผู้ประกอบการ', 97),
(155, 'นำรายงานไปให้อธิการบดีเซ็นต์อนุมัติ', 98),
(156, 'บันทึกรายงานการประชุม', 98),
(157, 'รับรองรายงานการประชุม', 99),
(158, 'จัดทำรายงานเอกสาร', 99),
(159, 'จัดหาผู้ประกอบการ', 100),
(160, 'นำรายงานไปให้อธิการบดีเซ็นต์อนุมัติ', 100),
(161, 'บันทึกรายงานการประชุม', 101),
(162, 'รับรองรายงานการประชุม', 102),
(163, 'จัดทำรายงานเอกสาร', 103),
(164, 'จัดหาผู้ประกอบการ', 104),
(165, 'นำรายงานไปให้อธิการบดีเซ็นต์อนุมัติ', 105),
(166, 'บันทึกรายงานการประชุม', 106),
(167, 'รับรองรายงานการประชุม', 107),
(168, 'จัดหาผู้ประกอบการ', 108),
(169, 'นำรายงานไปให้อธิการบดีเซ็นต์อนุมัติ', 108),
(170, 'บันทึกรายงานการประชุม', 108),
(171, 'รับรองรายงานการประชุม', 108),
(172, 'จัดทำรายงานเอกสาร', 1),
(173, 'จัดหาผู้ประกอบการ', 1),
(174, 'นำรายงานไปให้อธิการบดีเซ็นต์อนุมัติ', 2),
(175, 'บันทึกรายงานการประชุม', 2),
(176, 'รับรองรายงานการประชุม', 3),
(177, 'จัดทำรายงานเอกสาร', 3),
(178, 'จัดหาผู้ประกอบการ', 4),
(179, 'นำรายงานไปให้อธิการบดีเซ็นต์อนุมัติ', 4),
(180, 'บันทึกรายงานการประชุม', 5),
(181, 'รับรองรายงานการประชุม', 6),
(182, 'จัดทำรายงานเอกสาร', 7),
(183, 'จัดหาผู้ประกอบการ', 8),
(184, 'นำรายงานไปให้อธิการบดีเซ็นต์อนุมัติ', 9),
(185, 'บันทึกรายงานการประชุม', 10),
(186, 'รับรองรายงานการประชุม', 11),
(187, 'จัดหาผู้ประกอบการ', 12),
(188, 'นำรายงานไปให้อธิการบดีเซ็นต์อนุมัติ', 12),
(189, 'บันทึกรายงานการประชุม', 12),
(190, 'รับรองรายงานการประชุม', 12),
(191, 'จัดทำรายงานเอกสาร', 13),
(192, 'จัดหาผู้ประกอบการ', 13),
(193, 'นำรายงานไปให้อธิการบดีเซ็นต์อนุมัติ', 14),
(194, 'บันทึกรายงานการประชุม', 14),
(195, 'รับรองรายงานการประชุม', 15),
(196, 'จัดทำรายงานเอกสาร', 15),
(197, 'จัดหาผู้ประกอบการ', 16),
(198, 'นำรายงานไปให้อธิการบดีเซ็นต์อนุมัติ', 16),
(199, 'บันทึกรายงานการประชุม', 17),
(200, 'รับรองรายงานการประชุม', 18),
(201, 'จัดทำรายงานเอกสาร', 19),
(202, 'จัดหาผู้ประกอบการ', 20),
(203, 'นำรายงานไปให้อธิการบดีเซ็นต์อนุมัติ', 21),
(204, 'บันทึกรายงานการประชุม', 22),
(205, 'รับรองรายงานการประชุม', 23),
(206, 'จัดหาผู้ประกอบการ', 24),
(207, 'นำรายงานไปให้อธิการบดีเซ็นต์อนุมัติ', 24),
(208, 'บันทึกรายงานการประชุม', 24),
(209, 'รับรองรายงานการประชุม', 24),
(210, 'จัดทำรายงานเอกสาร', 25),
(211, 'จัดหาผู้ประกอบการ', 25),
(212, 'นำรายงานไปให้อธิการบดีเซ็นต์อนุมัติ', 26),
(213, 'บันทึกรายงานการประชุม', 26),
(214, 'รับรองรายงานการประชุม', 27),
(215, 'จัดทำรายงานเอกสาร', 27),
(216, 'จัดหาผู้ประกอบการ', 28),
(217, 'นำรายงานไปให้อธิการบดีเซ็นต์อนุมัติ', 28),
(218, 'บันทึกรายงานการประชุม', 29),
(219, 'รับรองรายงานการประชุม', 30),
(220, 'จัดทำรายงานเอกสาร', 31),
(221, 'จัดหาผู้ประกอบการ', 32),
(222, 'นำรายงานไปให้อธิการบดีเซ็นต์อนุมัติ', 33),
(223, 'บันทึกรายงานการประชุม', 34),
(224, 'รับรองรายงานการประชุม', 35),
(225, 'จัดหาผู้ประกอบการ', 36),
(226, 'นำรายงานไปให้อธิการบดีเซ็นต์อนุมัติ', 36),
(227, 'บันทึกรายงานการประชุม', 36),
(228, 'รับรองรายงานการประชุม', 36),
(229, 'จัดทำรายงานเอกสาร', 37),
(230, 'จัดหาผู้ประกอบการ', 37),
(231, 'นำรายงานไปให้อธิการบดีเซ็นต์อนุมัติ', 38),
(232, 'บันทึกรายงานการประชุม', 38),
(233, 'รับรองรายงานการประชุม', 39),
(234, 'จัดทำรายงานเอกสาร', 39),
(235, 'จัดหาผู้ประกอบการ', 40),
(236, 'นำรายงานไปให้อธิการบดีเซ็นต์อนุมัติ', 40),
(237, 'บันทึกรายงานการประชุม', 41),
(238, 'รับรองรายงานการประชุม', 42),
(239, 'จัดทำรายงานเอกสาร', 43),
(240, 'จัดหาผู้ประกอบการ', 44),
(241, 'นำรายงานไปให้อธิการบดีเซ็นต์อนุมัติ', 45),
(242, 'บันทึกรายงานการประชุม', 46),
(243, 'รับรองรายงานการประชุม', 47),
(244, 'จัดหาผู้ประกอบการ', 48),
(245, 'นำรายงานไปให้อธิการบดีเซ็นต์อนุมัติ', 48),
(246, 'บันทึกรายงานการประชุม', 48),
(247, 'รับรองรายงานการประชุม', 48),
(248, 'จัดทำรายงานเอกสาร', 49),
(249, 'จัดหาผู้ประกอบการ', 49),
(250, 'นำรายงานไปให้อธิการบดีเซ็นต์อนุมัติ', 50),
(251, 'บันทึกรายงานการประชุม', 50),
(252, 'รับรองรายงานการประชุม', 51),
(253, 'จัดทำรายงานเอกสาร', 51),
(254, 'จัดหาผู้ประกอบการ', 52),
(255, 'นำรายงานไปให้อธิการบดีเซ็นต์อนุมัติ', 52),
(256, 'บันทึกรายงานการประชุม', 53),
(257, 'รับรองรายงานการประชุม', 54),
(258, 'จัดทำรายงานเอกสาร', 55),
(259, 'จัดหาผู้ประกอบการ', 56),
(260, 'นำรายงานไปให้อธิการบดีเซ็นต์อนุมัติ', 57),
(261, 'บันทึกรายงานการประชุม', 58),
(262, 'รับรองรายงานการประชุม', 59),
(263, 'จัดหาผู้ประกอบการ', 60),
(264, 'นำรายงานไปให้อธิการบดีเซ็นต์อนุมัติ', 60),
(265, 'บันทึกรายงานการประชุม', 60),
(266, 'รับรองรายงานการประชุม', 60),
(267, 'จัดทำรายงานเอกสาร', 61),
(268, 'จัดหาผู้ประกอบการ', 61),
(269, 'นำรายงานไปให้อธิการบดีเซ็นต์อนุมัติ', 62),
(270, 'บันทึกรายงานการประชุม', 62),
(271, 'รับรองรายงานการประชุม', 63),
(272, 'จัดทำรายงานเอกสาร', 63),
(273, 'จัดหาผู้ประกอบการ', 64),
(274, 'นำรายงานไปให้อธิการบดีเซ็นต์อนุมัติ', 64),
(275, 'บันทึกรายงานการประชุม', 65),
(276, 'รับรองรายงานการประชุม', 66),
(277, 'จัดทำรายงานเอกสาร', 67),
(278, 'จัดหาผู้ประกอบการ', 68),
(279, 'นำรายงานไปให้อธิการบดีเซ็นต์อนุมัติ', 69),
(280, 'บันทึกรายงานการประชุม', 70),
(281, 'รับรองรายงานการประชุม', 71),
(282, 'จัดหาผู้ประกอบการ', 72),
(283, 'นำรายงานไปให้อธิการบดีเซ็นต์อนุมัติ', 72),
(284, 'บันทึกรายงานการประชุม', 72),
(285, 'รับรองรายงานการประชุม', 72);

-- --------------------------------------------------------

--
-- Table structure for table `type`
--

CREATE TABLE IF NOT EXISTS `type` (
  `type_id` int(11) NOT NULL,
  `name` varchar(150) DEFAULT NULL
) ENGINE=InnoDB DEFAULT CHARSET=utf8;

--
-- Dumping data for table `type`
--

INSERT INTO `type` (`type_id`, `name`) VALUES
(1, 'ผู้ดูแลระบบ'),
(2, 'หน่วยงาน');

--
-- Indexes for dumped tables
--

--
-- Indexes for table `agenda`
--
ALTER TABLE `agenda`
 ADD PRIMARY KEY (`agenda_id`);

--
-- Indexes for table `report`
--
ALTER TABLE `report`
 ADD PRIMARY KEY (`report_id`);

--
-- Indexes for table `responsible`
--
ALTER TABLE `responsible`
 ADD PRIMARY KEY (`responsible_id`), ADD KEY `section_id_idx` (`section_id`), ADD KEY `term_id_idx` (`term_id`);

--
-- Indexes for table `section`
--
ALTER TABLE `section`
 ADD PRIMARY KEY (`section_id`), ADD KEY `type_id_idx` (`type_id`);

--
-- Indexes for table `staff`
--
ALTER TABLE `staff`
 ADD PRIMARY KEY (`staff_id`), ADD KEY `section_id_idx` (`section_id`);

--
-- Indexes for table `subagenda`
--
ALTER TABLE `subagenda`
 ADD PRIMARY KEY (`subagenda_id`), ADD KEY `agenda_id_idx` (`agenda_id`);

--
-- Indexes for table `term`
--
ALTER TABLE `term`
 ADD PRIMARY KEY (`term_id`), ADD KEY `subagenda_id_idx` (`subagenda_id`);

--
-- Indexes for table `type`
--
ALTER TABLE `type`
 ADD PRIMARY KEY (`type_id`);

--
-- Constraints for dumped tables
--

--
-- Constraints for table `responsible`
--
ALTER TABLE `responsible`
ADD CONSTRAINT `section_id` FOREIGN KEY (`section_id`) REFERENCES `section` (`section_id`) ON DELETE NO ACTION ON UPDATE NO ACTION,
ADD CONSTRAINT `term_id` FOREIGN KEY (`term_id`) REFERENCES `term` (`term_id`) ON DELETE NO ACTION ON UPDATE NO ACTION;

--
-- Constraints for table `section`
--
ALTER TABLE `section`
ADD CONSTRAINT `type_id` FOREIGN KEY (`type_id`) REFERENCES `type` (`type_id`) ON DELETE NO ACTION ON UPDATE NO ACTION;

--
-- Constraints for table `staff`
--
ALTER TABLE `staff`
ADD CONSTRAINT `section_id_fk` FOREIGN KEY (`section_id`) REFERENCES `section` (`section_id`) ON DELETE NO ACTION ON UPDATE NO ACTION;

--
-- Constraints for table `subagenda`
--
ALTER TABLE `subagenda`
ADD CONSTRAINT `agenda_id` FOREIGN KEY (`agenda_id`) REFERENCES `agenda` (`agenda_id`) ON DELETE NO ACTION ON UPDATE NO ACTION;

--
-- Constraints for table `term`
--
ALTER TABLE `term`
ADD CONSTRAINT `subagenda_id` FOREIGN KEY (`subagenda_id`) REFERENCES `subagenda` (`subagenda_id`) ON DELETE NO ACTION ON UPDATE NO ACTION;

/*!40101 SET CHARACTER_SET_CLIENT=@OLD_CHARACTER_SET_CLIENT */;
/*!40101 SET CHARACTER_SET_RESULTS=@OLD_CHARACTER_SET_RESULTS */;
/*!40101 SET COLLATION_CONNECTION=@OLD_COLLATION_CONNECTION */;
